{
	"id": "nodebb-plugin-telegram-notifications",
	"name": "Telegram Notifications",
	"description": "Allows NodeBB to send notifications over an TelegramBot!",
	"url": "https://github.com/NodeBB-Community/nodebb-plugin-telegram-notifications",
	"library": "./library.js",
	"hooks": [
		{ "hook": "static:app.load", "method": "init" },
		{ "hook": "action:notification.pushed", "method": "pushNotification" },
		{ "hook": "action:post.save", "method": "postSave"},
        { "hook": "action:user.saveSettings", "method": "saveUserSettings"},
		{ "hook": "filter:admin.header.build", "method": "addNavigation", "callbacked": true },
		{ "hook": "filter:user.customSettings", "method": "addUserSettings"},
		{ "hook": "filter:user.getSettings", "method": "getUserSettings"}
],
	"templates": "static/templates",
	"languages": "./languages"
}
